use rs

CREATE TABLE Poli (
    ID_Poli VARCHAR(10) PRIMARY KEY,
    Deskripsi TEXT,
    NamaPoli VARCHAR(100) NOT NULL,
    LokasiPoli VARCHAR(100) not null
) engine = innoDB

CREATE TABLE Pasien (
    NIK_Pasien VARCHAR(20) PRIMARY KEY,
    Nama VARCHAR(100) NOT NULL,
    Alamat TEXT,
    Email VARCHAR(100),
    JenisKelamin ENUM('L', 'P') NOT NULL,
    NomorHP VARCHAR(15),
    Password VARCHAR(10) not null,
    tempatTanggalLahir VARCHAR(100) not null,
    GolonganDarah ENUM ('A', 'B', 'AB', 'O', 'A+', 'A-', 'B+', 'B-', 'AB+', 'AB-', 'O+', 'O-') DEFAULT null
) engine = innoDB

CREATE TABLE Dokter (
    NIK_Dokter VARCHAR(20) PRIMARY KEY,
    ID_Poli VARCHAR(10),
    Nama VARCHAR(100) NOT NULL,
    Alamat TEXT,
    Email VARCHAR(100),
    JenisKelamin ENUM('L', 'P') NOT NULL,
    NomorHP VARCHAR(15),
    tempatTanggalLahir varchar(100),
    StatusDokter ENUM('Aktif', 'Tidak Aktif') DEFAULT 'Aktif',
    TahunPengalaman INT,
      FOREIGN KEY (ID_Poli) REFERENCES Poli(ID_Poli)
) engine = innoDB

CREATE TABLE Spesialisasi (
    ID_Spesialisasi VARCHAR(10) PRIMARY KEY,
    NIK_Dokter VARCHAR(20),
    Nama VARCHAR(100) NOT NULL,
    JenisSpesialisasi VARCHAR(100) not null,
    FOREIGN KEY (NIK_Dokter) REFERENCES Dokter(NIK_Dokter)
) engine = innoDB

CREATE TABLE Jadwal_Praktek (
    ID_Jadwal VARCHAR(10) PRIMARY KEY,
    NIK_Dokter VARCHAR(20),
    Hari VARCHAR(10) NOT NULL,
    JamMulai TIME,
    JamSelesai TIME,
    MaksimalPasien INT,
    Status ENUM('Aktif', 'Tidak Aktif') DEFAULT 'Aktif',
    FOREIGN KEY (NIK_Dokter) REFERENCES Dokter(NIK_Dokter)
) engine = innoDB


CREATE TABLE Pendaftaran (
    ID_Pendaftaran VARCHAR(10) PRIMARY KEY,
    NIK_Pasien VARCHAR(20),
    ID_Jadwal VARCHAR(10),
    NomorAntrian INT,
    TanggalDaftar DATE,
    StatusDaftar ENUM('Pending', 'Confirmed', 'Cancelled') DEFAULT 'Pending',
    KeluhanAwal TEXT,
    FOREIGN KEY (NIK_Pasien) REFERENCES Pasien(NIK_Pasien),
    FOREIGN KEY (ID_Jadwal) REFERENCES Jadwal_Praktek(ID_Jadwal)
) engine = innoDB

CREATE TABLE Pembayaran (
    ID_Pembayaran VARCHAR(10) PRIMARY KEY,
    ID_Pendaftaran VARCHAR(10),
    RincianBiaya DECIMAL(10,2),
    TanggalBayar DATE,
    MetodeBayar ENUM('Cash', 'Transfer', 'Kartu Kredit', 'BPJS'),
    FOREIGN KEY (ID_Pendaftaran) REFERENCES Pendaftaran(ID_Pendaftaran)
) engine = innoDB

CREATE TABLE Rekam_Medis (
    ID_Rekam_Medis VARCHAR(10) PRIMARY KEY,
    ID_Pendaftaran VARCHAR(10),
    Diagnosis TEXT,
    TindakanMedis TEXT,
    ResepObat TEXT,
    FOREIGN KEY (ID_Pendaftaran) REFERENCES Pendaftaran(ID_Pendaftaran)
) engine = innoDB

CREATE TABLE Resep_Obat (
    ID_Resep_Obat VARCHAR(10) PRIMARY KEY,
    ID_Rekam_Medis VARCHAR(10),
    NamaObat VARCHAR(100) NOT NULL,
    DosisObat VARCHAR(50),
    FrekuensiPemakaian VARCHAR(50),
    DurasiPemakaian VARCHAR(50),
    JumlahObatDiresepkan INT,
    InstruksiTambahan TEXT,
    FOREIGN KEY (ID_Rekam_Medis) REFERENCES Rekam_Medis(ID_Rekam_Medis)
) engine = innoDB

show tables

INSERT INTO Poli (ID_Poli, Deskripsi, NamaPoli, LokasiPoli) VALUES
('P001', 'Poli untuk pemeriksaan umum dan konsultasi kesehatan dasar', 'Poli Umum', 'Lantai 1 Gedung A'),
('P002', 'Poli untuk pemeriksaan dan perawatan anak', 'Poli Anak', 'Lantai 2 Gedung A'),
('P003', 'Poli untuk pemeriksaan mata dan gangguan penglihatan', 'Poli Mata', 'Lantai 1 Gedung B'),
('P004', 'Poli untuk pemeriksaan jantung dan pembuluh darah', 'Poli Jantung', 'Lantai 3 Gedung B'),
('P005', 'Poli untuk pemeriksaan kulit dan kelamin', 'Poli Kulit', 'Lantai 2 Gedung B')
('P006', 'Pemeriksaan mata dan pengobatan.', 'Poli Mata', 'Lantai 1 - Gedung B'),
('P007', 'Pemeriksaan telinga, hidung, tenggorokan.', 'Poli THT', 'Lantai 2 - Gedung C'),
('P008', 'Pelayanan dan konsultasi kejiwaan.', 'Poli Psikiatri', 'Lantai 4 - Gedung D'),
('P009', 'Pemeriksaan kulit dan kelamin.', 'Poli Kulit dan Kelamin', 'Lantai 3 - Gedung B'),
('P010', 'Pelayanan kesehatan lansia.', 'Poli Geriatri', 'Lantai 1 - Gedung A'),
('P011', 'Konsultasi dan terapi untuk nyeri.', 'Poli Nyeri', 'Lantai 2 - Gedung C'),
('P012', 'Pelayanan kesehatan paru-paru.', 'Poli Paru', 'Lantai 3 - Gedung D'),
('P013', 'Pelayanan rawat luka dan perawatan umum.', 'Poli Luka', 'Lantai 1 - Gedung B'),
('P014', 'Konsultasi kesehatan reproduksi.', 'Poli Reproduksi', 'Lantai 3 - Gedung C'),
('P015', 'Pelayanan untuk pasien dengan kebutuhan khusus.', 'Poli Rehabilitasi Medis', 'Lantai 2 - Gedung A'),
('P016', 'Konsultasi gizi dan nutrisi.', 'Poli Gizi', 'Lantai 1 - Gedung D'),
('P017', 'Pemeriksaan dan terapi alergi.', 'Poli Alergi', 'Lantai 2 - Gedung B'),
('P018', 'Pengobatan tradisional dan akupuntur.', 'Poli Akupuntur', 'Lantai 3 - Gedung A'),
('P019', 'Deteksi dini dan pencegahan penyakit.', 'Poli Promkes', 'Lantai 4 - Gedung B'),
('P020', 'Kontrol tekanan darah tinggi.', 'Poli Hipertensi', 'Lantai 1 - Gedung C'),
('P021', 'Penanganan diabetes.', 'Poli Diabetes', 'Lantai 1 - Gedung D'),
('P022', 'Pemeriksaan jantung dan pembuluh darah.', 'Poli Jantung', 'Lantai 2 - Gedung A'),
('P023', 'Pemeriksaan kelainan darah.', 'Poli Hematologi', 'Lantai 3 - Gedung B'),
('P024', 'Pemeriksaan ginjal dan saluran kemih.', 'Poli Urologi', 'Lantai 3 - Gedung C'),
('P025', 'Pelayanan bedah ringan.', 'Poli Bedah', 'Lantai 2 - Gedung D'),
('P026', 'Konsultasi tumbuh kembang anak.', 'Poli Tumbuh Kembang', 'Lantai 1 - Gedung A'),
('P027', 'Pemeriksaan penyakit menular.', 'Poli Infeksi', 'Lantai 4 - Gedung C'),
('P028', 'Gangguan hormonal.', 'Poli Endokrin', 'Lantai 2 - Gedung B'),
('P029', 'Pemeriksaan sistem pencernaan.', 'Poli Gastroenterologi', 'Lantai 3 - Gedung D'),
('P030', 'Kesehatan remaja.', 'Poli Remaja', 'Lantai 1 - Gedung B'),
('P031', 'Tulang dan sendi.', 'Poli Orthopedi', 'Lantai 2 - Gedung C'),
('P032', 'Sistem saraf.', 'Poli Saraf', 'Lantai 3 - Gedung A'),
('P033', 'Pemeriksaan kanker wanita.', 'Poli Onkologi', 'Lantai 4 - Gedung D'),
('P034', 'Terapi autisme.', 'Poli Autisme', 'Lantai 2 - Gedung B'),
('P035', 'Konsultasi laboratorium.', 'Poli Laboratorium', 'Lantai 1 - Gedung C'),
('P036', 'Penanganan luka bakar.', 'Poli Luka Bakar', 'Lantai 3 - Gedung B'),
('P037', 'Evaluasi radiologi.', 'Poli Radiologi', 'Lantai 1 - Gedung A'),
('P038', 'Gangguan tidur.', 'Poli Tidur', 'Lantai 2 - Gedung D'),
('P039', 'Pelayanan HIV/AIDS.', 'Poli VCT', 'Lantai 4 - Gedung B'),
('P040', 'Pemeriksaan kehamilan.', 'Poli Kehamilan', 'Lantai 3 - Gedung C'),
('P041', 'Kesehatan seksual.', 'Poli Seksologi', 'Lantai 2 - Gedung A'),
('P042', 'Manajemen nyeri tulang belakang.', 'Poli Spine', 'Lantai 3 - Gedung D'),
('P043', 'Kesehatan kerja.', 'Poli Kesehatan Kerja', 'Lantai 1 - Gedung B'),
('P044', 'Vaksinasi dan imunisasi.', 'Poli Imunisasi', 'Lantai 1 - Gedung D'),
('P045', 'Keluarga berencana.', 'Poli KB', 'Lantai 1 - Gedung A'),
('P046', 'Konseling sosial dan psikologi.', 'Poli Konseling', 'Lantai 4 - Gedung C'),
('P047', 'Disfungsi seksual pria.', 'Poli Andrologi', 'Lantai 2 - Gedung B'),
('P048', 'Gangguan bicara.', 'Poli Terapi Wicara', 'Lantai 3 - Gedung A'),
('P049', 'Pelayanan keperawatan.', 'Poli Keperawatan', 'Lantai 1 - Gedung C'),
('P050', 'Layanan kesehatan digital.', 'Poli Telemedis', 'Lantai 4 - Gedung D');


INSERT INTO Pasien (NIK_Pasien, Nama, Alamat, Email, JenisKelamin, NomorHP, Password, tempatTanggalLahir, GolonganDarah) VALUES
('3201012801900001', 'Ahmad Fauzi', 'Jl. Merdeka No. 123, Bandung', 'ahmad.fauzi@gmail.com', 'L', '081234567890', 'pass123', '1990-01-28', 'A-'),
('3201012802850002', 'Siti Nurhaliza', 'Jl. Sudirman No. 456, Malang', 'siti.nurhaliza@gmail.com', 'P', '081234567891', 'pass456', '1985-02-28', 'B'),
('3201012803920003', 'Budi Santoso', 'Jl. Gatot Subroto No. 789, Surabaya', 'budi.santoso@gmail.com', 'L', '081234567892', 'pass789', '1992-03-28', 'O'),
('3201012804880004', 'Rina Wulandari', 'Jl. Thamrin No. 321, Yogyakarta', 'rina.wulandari@gmail.com', 'P', '081234567893', 'pass321', '1988-04-28', 'AB'),
('3201012805750005', 'Hendra Gunawan', 'Jl. Kuningan No. 654, Jakarta', 'hendra.gunawan@gmail.com', 'L', '081234567894', 'pass654', '2000-05-28', 'A')
('3174010101010001', 'Ahmad Fauzi', 'Jl. Merdeka No. 1, Jakarta', 'ahmad.fauzi@mail.com', 'L', '081234567001', 'pass123', 'Jakarta, 01-01-1990', 'A'),
('3174010101010002', 'Siti Aminah', 'Jl. Mawar No. 2, Bandung', 'siti.aminah@mail.com', 'P', '081234567002', 'pass123', 'Bandung, 02-02-1991', 'B'),
('3174010101010003', 'Budi Santoso', 'Jl. Melati No. 3, Surabaya', 'budi.santoso@mail.com', 'L', '081234567003', 'pass123', 'Surabaya, 03-03-1992', 'O'),
('3174010101010004', 'Rina Kartika', 'Jl. Kenanga No. 4, Medan', 'rina.kartika@mail.com', 'P', '081234567004', 'pass123', 'Medan, 04-04-1993', 'AB'),
('3174010101010005', 'Dedi Hermawan', 'Jl. Sakura No. 5, Yogyakarta', 'dedi.hermawan@mail.com', 'L', '081234567005', 'pass123', 'Yogyakarta, 05-05-1994', 'A'),
('3174010101010006', 'Lina Agustina', 'Jl. Teratai No. 6, Semarang', 'lina.agustina@mail.com', 'P', '081234567006', 'pass123', 'Semarang, 06-06-1995', 'B'),
('3174010101010007', 'Eko Prasetyo', 'Jl. Flamboyan No. 7, Malang', 'eko.prasetyo@mail.com', 'L', '081234567007', 'pass123', 'Malang, 07-07-1996', 'O'),
('3174010101010008', 'Rani Putri', 'Jl. Cemara No. 8, Depok', 'rani.putri@mail.com', 'P', '081234567008', 'pass123', 'Depok, 08-08-1997', 'AB'),
('3174010101010009', 'Agus Wibowo', 'Jl. Anggrek No. 9, Bekasi', 'agus.wibowo@mail.com', 'L', '081234567009', 'pass123', 'Bekasi, 09-09-1998', 'A'),
('3174010101010010', 'Yulianti', 'Jl. Dahlia No. 10, Bogor', 'yulianti@mail.com', 'P', '081234567010', 'pass123', 'Bogor, 10-10-1999', 'B'),
('3174010101010011', 'Hadi Susanto', 'Jl. Kamboja No. 11, Jakarta', 'hadi.susanto@mail.com', 'L', '081234567011', 'pass123', 'Jakarta, 11-01-1990', 'O'),
('3174010101010012', 'Nina Septiani', 'Jl. Mawar No. 12, Bandung', 'nina.septiani@mail.com', 'P', '081234567012', 'pass123', 'Bandung, 12-02-1991', 'AB'),
('3174010101010013', 'Rizky Andika', 'Jl. Melati No. 13, Surabaya', 'rizky.andika@mail.com', 'L', '081234567013', 'pass123', 'Surabaya, 13-03-1992', 'A'),
('3174010101010014', 'Intan Permata', 'Jl. Kenanga No. 14, Medan', 'intan.permata@mail.com', 'P', '081234567014', 'pass123', 'Medan, 14-04-1993', 'B'),
('3174010101010015', 'Ari Wibisono', 'Jl. Sakura No. 15, Yogyakarta', 'ari.wibisono@mail.com', 'L', '081234567015', 'pass123', 'Yogyakarta, 15-05-1994', 'O'),
('3174010101010016', 'Salsa Amelia', 'Jl. Teratai No. 16, Semarang', 'salsa.amelia@mail.com', 'P', '081234567016', 'pass123', 'Semarang, 16-06-1995', 'AB'),
('3174010101010017', 'Hendra Gunawan', 'Jl. Flamboyan No. 17, Malang', 'hendra.gunawan@mail.com', 'L', '081234567017', 'pass123', 'Malang, 17-07-1996', 'A'),
('3174010101010018', 'Desi Marlina', 'Jl. Cemara No. 18, Depok', 'desi.marlina@mail.com', 'P', '081234567018', 'pass123', 'Depok, 18-08-1997', 'B'),
('3174010101010019', 'Wawan Setiawan', 'Jl. Anggrek No. 19, Bekasi', 'wawan.setiawan@mail.com', 'L', '081234567019', 'pass123', 'Bekasi, 19-09-1998', 'O'),
('3174010101010020', 'Dewi Sartika', 'Jl. Dahlia No. 20, Bogor', 'dewi.sartika@mail.com', 'P', '081234567020', 'pass123', 'Bogor, 20-10-1999', 'AB')
('3174010101010021', 'Tommy Saputra', 'Jl. Cemara No. 21, Jakarta', 'tommy.saputra@mail.com', 'L', '081234567021', 'pass123', 'Jakarta, 21-01-1985', 'A'),
('3174010101010022', 'Ayu Lestari', 'Jl. Merpati No. 22, Bandung', 'ayu.lestari@mail.com', 'P', '081234567022', 'pass123', 'Bandung, 22-02-1986', 'B'),
('3174010101010023', 'Ilham Rizki', 'Jl. Elang No. 23, Surabaya', 'ilham.rizki@mail.com', 'L', '081234567023', 'pass123', 'Surabaya, 23-03-1987', 'O'),
('3174010101010024', 'Citra Melinda', 'Jl. Rajawali No. 24, Medan', 'citra.melinda@mail.com', 'P', '081234567024', 'pass123', 'Medan, 24-04-1988', 'AB'),
('3174010101010025', 'Reza Fadillah', 'Jl. Cendrawasih No. 25, Yogyakarta', 'reza.fadillah@mail.com', 'L', '081234567025', 'pass123', 'Yogyakarta, 25-05-1989', 'A'),
('3174010101010026', 'Tina Mawarni', 'Jl. Jambu No. 26, Semarang', 'tina.mawarni@mail.com', 'P', '081234567026', 'pass123', 'Semarang, 26-06-1990', 'B'),
('3174010101010027', 'Fajar Nugroho', 'Jl. Mangga No. 27, Malang', 'fajar.nugroho@mail.com', 'L', '081234567027', 'pass123', 'Malang, 27-07-1991', 'O'),
('3174010101010028', 'Mega Sari', 'Jl. Durian No. 28, Depok', 'mega.sari@mail.com', 'P', '081234567028', 'pass123', 'Depok, 28-08-1992', 'AB'),
('3174010101010029', 'Andi Rahman', 'Jl. Rambutan No. 29, Bekasi', 'andi.rahman@mail.com', 'L', '081234567029', 'pass123', 'Bekasi, 29-09-1993', 'A'),
('3174010101010030', 'Nur Aini', 'Jl. Kedondong No. 30, Bogor', 'nur.aini@mail.com', 'P', '081234567030', 'pass123', 'Bogor, 30-10-1994', 'B'),
('3174010101010031', 'Galih Pramana', 'Jl. Apel No. 31, Jakarta', 'galih.pramana@mail.com', 'L', '081234567031', 'pass123', 'Jakarta, 31-01-1980', 'O'),
('3174010101010032', 'Shinta Dewi', 'Jl. Pepaya No. 32, Bandung', 'shinta.dewi@mail.com', 'P', '081234567032', 'pass123', 'Bandung, 01-02-1981', 'AB'),
('3174010101010033', 'Dian Saputra', 'Jl. Pisang No. 33, Surabaya', 'dian.saputra@mail.com', 'L', '081234567033', 'pass123', 'Surabaya, 02-03-1982', 'A'),
('3174010101010034', 'Tari Oktaviani', 'Jl. Sawo No. 34, Medan', 'tari.oktaviani@mail.com', 'P', '081234567034', 'pass123', 'Medan, 03-04-1983', 'B'),
('3174010101010035', 'Yusuf Ibrahim', 'Jl. Nangka No. 35, Yogyakarta', 'yusuf.ibrahim@mail.com', 'L', '081234567035', 'pass123', 'Yogyakarta, 04-05-1984', 'O'),
('3174010101010036', 'Nadya Kamila', 'Jl. Duku No. 36, Semarang', 'nadya.kamila@mail.com', 'P', '081234567036', 'pass123', 'Semarang, 05-06-1985', 'AB'),
('3174010101010037', 'Rafi Maulana', 'Jl. Salak No. 37, Malang', 'rafi.maulana@mail.com', 'L', '081234567037', 'pass123', 'Malang, 06-07-1986', 'A'),
('3174010101010038', 'Yuni Rahmawati', 'Jl. Belimbing No. 38, Depok', 'yuni.rahmawati@mail.com', 'P', '081234567038', 'pass123', 'Depok, 07-08-1987', 'B'),
('3174010101010039', 'Oka Pratama', 'Jl. Kelapa No. 39, Bekasi', 'oka.pratama@mail.com', 'L', '081234567039', 'pass123', 'Bekasi, 08-09-1988', 'O'),
('3174010101010040', 'Fitriani Nur', 'Jl. Pinang No. 40, Bogor', 'fitriani.nur@mail.com', 'P', '081234567040', 'pass123', 'Bogor, 09-10-1989', 'AB'),
('3174010101010041', 'Bayu Saputro', 'Jl. Alpukat No. 41, Jakarta', 'bayu.saputro@mail.com', 'L', '081234567041', 'pass123', 'Jakarta, 10-11-1985', 'A'),
('3174010101010042', 'Nina Kartika', 'Jl. Ceri No. 42, Bandung', 'nina.kartika@mail.com', 'P', '081234567042', 'pass123', 'Bandung, 11-12-1986', 'B'),
('3174010101010043', 'Taufik Hidayat', 'Jl. Kedondong No. 43, Surabaya', 'taufik.hidayat@mail.com', 'L', '081234567043', 'pass123', 'Surabaya, 12-01-1987', 'O'),
('3174010101010044', 'Mira Widya', 'Jl. Beringin No. 44, Medan', 'mira.widya@mail.com', 'P', '081234567044', 'pass123', 'Medan, 13-02-1988', 'AB'),
('3174010101010045', 'Herman Wijaya', 'Jl. Pala No. 45, Yogyakarta', 'herman.wijaya@mail.com', 'L', '081234567045', 'pass123', 'Yogyakarta, 14-03-1989', 'A'),
('3174010101010046', 'Rosa Marlina', 'Jl. Jengkol No. 46, Semarang', 'rosa.marlina@mail.com', 'P', '081234567046', 'pass123', 'Semarang, 15-04-1990', 'B'),
('3174010101010047', 'Dimas Nugraha', 'Jl. Pete No. 47, Malang', 'dimas.nugraha@mail.com', 'L', '081234567047', 'pass123', 'Malang, 16-05-1991', 'O'),
('3174010101010048', 'Eva Meilani', 'Jl. Pare No. 48, Depok', 'eva.meilani@mail.com', 'P', '081234567048', 'pass123', 'Depok, 17-06-1992', 'AB'),
('3174010101010049', 'Angga Wirawan', 'Jl. Asam No. 49, Bekasi', 'angga.wirawan@mail.com', 'L', '081234567049', 'pass123', 'Bekasi, 18-07-1993', 'A'),
('3174010101010050', 'Yasmin Salsabila', 'Jl. Kweni No. 50, Bogor', 'yasmin.salsabila@mail.com', 'P', '081234567050', 'pass123', 'Bogor, 19-08-1994', 'B');

INSERT INTO Dokter (NIK_Dokter, ID_Poli, Nama, Alamat, Email, JenisKelamin, NomorHP, tempatTanggalLahir, StatusDokter, TahunPengalaman) VALUES
('3201011501700001', 'P001', 'Dr. Muhammad Ridwan, Sp.PD', 'Jl. Kemang No. 111, Medan', 'dr.ridwan@hospital.com', 'L', '081987654321', '1981-01-15', 'Aktif', 14),
('3201011502750002', 'P002', 'Dr. Sarah Amelia, Sp.A', 'Jl. Pondok Indah No. 222, Majalengka', 'dr.sarah@hospital.com', 'P', '081987654322', '1978-02-15', 'Aktif', 17),
('3201011503720003', 'P003', 'Dr. Bambang Sutrisno, Sp.M', 'Jl. Senayan No. 333, Sangatta', 'dr.bambang@hospital.com', 'L', '081987654323', '1979-03-15', 'Aktif', 16),
('3201011504680004', 'P004', 'Dr. Lisa Marlina, Sp.JP', 'Jl. Menteng No. 444, Banjarmasin', 'dr.lisa@hospital.com', 'P', '081987654324', '1985-04-15', 'Aktif', 10),
('3201011505730005', 'P005', 'Dr. Agus Setiawan, Sp.KK', 'Jl. Cikini No. 555, Jakarta', 'dr.agus@hospital.com', 'L', '081987654325', '1980-05-15', 'Aktif', 15)
('3174010202010001', 'P001', 'Dr. Andi Wijaya', 'Jl. Melati No.1, Jakarta', 'andi.wijaya@mail.com', 'L', '081234560001', 'Jakarta, 10-01-1980', 'aktif', 15),
('3174010202010002', 'P002', 'Dr. Siti Marlina', 'Jl. Anggrek No.2, Bandung', 'siti.marlina@mail.com', 'P', '081234560002', 'Bandung, 12-02-1982', 'aktif', 12),
('3174010202010003', 'P003', 'Dr. Rizal Fahmi', 'Jl. Mawar No.3, Surabaya', 'rizal.fahmi@mail.com', 'L', '081234560003', 'Surabaya, 14-03-1983', 'nonaktif', 10),
('3174010202010004', 'P004', 'Dr. Lestari Putri', 'Jl. Kenanga No.4, Medan', 'lestari.putri@mail.com', 'P', '081234560004', 'Medan, 16-04-1984', 'aktif', 8),
('3174010202010005', 'P005', 'Dr. Budi Santoso', 'Jl. Dahlia No.5, Yogyakarta', 'budi.santoso@mail.com', 'L', '081234560005', 'Yogyakarta, 18-05-1985', 'aktif', 18),
('3174010202010006', 'P006', 'Dr. Ratna Ayu', 'Jl. Teratai No.6, Semarang', 'ratna.ayu@mail.com', 'P', '081234560006', 'Semarang, 20-06-1986', 'nonaktif', 14),
('3174010202010007', 'P007', 'Dr. Dedi Pratama', 'Jl. Mawar No.7, Malang', 'dedi.pratama@mail.com', 'L', '081234560007', 'Malang, 22-07-1987', 'aktif', 11),
('3174010202010008', 'P008', 'Dr. Lina Sari', 'Jl. Kamboja No.8, Depok', 'lina.sari@mail.com', 'P', '081234560008', 'Depok, 24-08-1988', 'aktif', 7),
('3174010202010009', 'P009', 'Dr. Hendra Setiawan', 'Jl. Flamboyan No.9, Bekasi', 'hendra.setiawan@mail.com', 'L', '081234560009', 'Bekasi, 26-09-1989', 'aktif', 10),
('3174010202010010', 'P010', 'Dr. Maya Indah', 'Jl. Sakura No.10, Bogor', 'maya.indah@mail.com', 'P', '081234560010', 'Bogor, 28-10-1990', 'nonaktif', 5),
('3174010202010011', 'P001', 'Dr. Rudi Gunawan', 'Jl. Cemara No.11, Jakarta', 'rudi.gunawan@mail.com', 'L', '081234560011', 'Jakarta, 11-11-1978', 'aktif', 20),
('3174010202010012', 'P002', 'Dr. Fitri Handayani', 'Jl. Merpati No.12, Bandung', 'fitri.handayani@mail.com', 'P', '081234560012', 'Bandung, 13-12-1981', 'aktif', 13),
('3174010202010013', 'P003', 'Dr. Iwan Seto', 'Jl. Angsana No.13, Surabaya', 'iwan.seto@mail.com', 'L', '081234560013', 'Surabaya, 15-01-1982', 'nonaktif', 9),
('3174010202010014', 'P004', 'Dr. Putri Ananda', 'Jl. Sawo No.14, Medan', 'putri.ananda@mail.com', 'P', '081234560014', 'Medan, 17-02-1983', 'aktif', 8),
('3174010202010015', 'P005', 'Dr. Agus Salim', 'Jl. Asoka No.15, Yogyakarta', 'agus.salim@mail.com', 'L', '081234560015', 'Yogyakarta, 19-03-1984', 'aktif', 17),
('3174010202010016', 'P006', 'Dr. Nia Ramadhani', 'Jl. Kemuning No.16, Semarang', 'nia.ramadhani@mail.com', 'P', '081234560016', 'Semarang, 21-04-1985', 'nonaktif', 14),
('3174010202010017', 'P007', 'Dr. Tommy Prabowo', 'Jl. Pinus No.17, Malang', 'tommy.prabowo@mail.com', 'L', '081234560017', 'Malang, 23-05-1986', 'aktif', 12),
('3174010202010018', 'P008', 'Dr. Rina Susanti', 'Jl. Lili No.18, Depok', 'rina.susanti@mail.com', 'P', '081234560018', 'Depok, 25-06-1987', 'aktif', 6),
('3174010202010019', 'P009', 'Dr. Bambang Hermawan', 'Jl. Jati No.19, Bekasi', 'bambang.hermawan@mail.com', 'L', '081234560019', 'Bekasi, 27-07-1988', 'aktif', 9),
('3174010202010020', 'P010', 'Dr. Yuniarti', 'Jl. Cemara No.20, Bogor', 'yuniarti@mail.com', 'P', '081234560020', 'Bogor, 29-08-1989', 'nonaktif', 5),
('3174010202010021', 'P001', 'Dr. Anton Wirawan', 'Jl. Bambu No.21, Jakarta', 'anton.wirawan@mail.com', 'L', '081234560021', 'Jakarta, 10-09-1980', 'aktif', 15),
('3174010202010022', 'P002', 'Dr. Marlina Sari', 'Jl. Akasia No.22, Bandung', 'marlina.sari@mail.com', 'P', '081234560022', 'Bandung, 12-10-1982', 'aktif', 12),
('3174010202010023', 'P003', 'Dr. Hadi Prasetyo', 'Jl. Kemiri No.23, Surabaya', 'hadi.prasetyo@mail.com', 'L', '081234560023', 'Surabaya, 14-11-1983', 'nonaktif', 10),
('3174010202010024', 'P004', 'Dr. Indah Lestari', 'Jl. Palem No.24, Medan', 'indah.lestari@mail.com', 'P', '081234560024', 'Medan, 16-12-1984', 'aktif', 8),
('3174010202010025', 'P005', 'Dr. Yusuf Ramlan', 'Jl. Mangga No.25, Yogyakarta', 'yusuf.ramlan@mail.com', 'L', '081234560025', 'Yogyakarta, 18-01-1985', 'aktif', 18),
('3174010202010026', 'P006', 'Dr. Silvia Yanti', 'Jl. Nangka No.26, Semarang', 'silvia.yanti@mail.com', 'P', '081234560026', 'Semarang, 20-02-1986', 'nonaktif', 14),
('3174010202010027', 'P007', 'Dr. Arief Hidayat', 'Jl. Sukun No.27, Malang', 'arief.hidayat@mail.com', 'L', '081234560027', 'Malang, 22-03-1987', 'aktif', 11),
('3174010202010028', 'P008', 'Dr. Wulan Fitriani', 'Jl. Bayam No.28, Depok', 'wulan.fitriani@mail.com', 'P', '081234560028', 'Depok, 24-04-1988', 'aktif', 7),
('3174010202010029', 'P009', 'Dr. Dani Setiawan', 'Jl. Pisang No.29, Bekasi', 'dani.setiawan@mail.com', 'L', '081234560029', 'Bekasi, 26-05-1989', 'aktif', 10),
('3174010202010030', 'P010', 'Dr. Rika Damayanti', 'Jl. Manggis No.30, Bogor', 'rika.damayanti@mail.com', 'P', '081234560030', 'Bogor, 28-06-1990', 'nonaktif', 5),
('3174010202010031', 'P001', 'Dr. Leo Ahmad', 'Jl. Beringin No.31, Jakarta', 'leo.ahmad@mail.com', 'L', '081234560031', 'Jakarta, 10-07-1979', 'aktif', 20),
('3174010202010032', 'P002', 'Dr. Dina Maharani', 'Jl. Belimbing No.32, Bandung', 'dina.maharani@mail.com', 'P', '081234560032', 'Bandung, 11-08-1981', 'aktif', 15),
('3174010202010033', 'P003', 'Dr. Ujang Syah', 'Jl. Durian No.33, Surabaya', 'ujang.syah@mail.com', 'L', '081234560033', 'Surabaya, 12-09-1982', 'nonaktif', 10),
('3174010202010034', 'P004', 'Dr. Dewi Sartika', 'Jl. Sirsak No.34, Medan', 'dewi.sartika@mail.com', 'P', '081234560034', 'Medan, 13-10-1983', 'aktif', 9),
('3174010202010035', 'P005', 'Dr. Taufik Ramadhan', 'Jl. Pepaya No.35, Yogyakarta', 'taufik.ramadhan@mail.com', 'L', '081234560035', 'Yogyakarta, 14-11-1984', 'aktif', 18),
('3174010202010036', 'P006', 'Dr. Ines Kurnia', 'Jl. Kelapa No.36, Semarang', 'ines.kurnia@mail.com', 'P', '081234560036', 'Semarang, 15-12-1985', 'nonaktif', 13),
('3174010202010037', 'P007', 'Dr. Bayu Saputra', 'Jl. Duku No.37, Malang', 'bayu.saputra@mail.com', 'L', '081234560037', 'Malang, 16-01-1986', 'aktif', 12),
('3174010202010038', 'P008', 'Dr. Tia Novita', 'Jl. Nangka No.38, Depok', 'tia.novita@mail.com', 'P', '081234560038', 'Depok, 17-02-1987', 'aktif', 8),
('3174010202010039', 'P009', 'Dr. Yoga Firmansyah', 'Jl. Cempaka No.39, Bekasi', 'yoga.firmansyah@mail.com', 'L', '081234560039', 'Bekasi, 18-03-1988', 'aktif', 10),
('3174010202010040', 'P010', 'Dr. Alia Zahra', 'Jl. Kantil No.40, Bogor', 'alia.zahra@mail.com', 'P', '081234560040', 'Bogor, 19-04-1989', 'nonaktif', 6),
('3174010202010041', 'P001', 'Dr. Denny Huda', 'Jl. Melur No.41, Jakarta', 'denny.huda@mail.com', 'L', '081234560041', 'Jakarta, 20-05-1990', 'aktif', 11),
('3174010202010042', 'P002', 'Dr. Nurlaila Hasanah', 'Jl. Pakis No.42, Bandung', 'nurlaila.hasanah@mail.com', 'P', '081234560042', 'Bandung, 21-06-1981', 'aktif', 13),
('3174010202010043', 'P003', 'Dr. Fajar Nugroho', 'Jl. Kapuk No.43, Surabaya', 'fajar.nugroho@mail.com', 'L', '081234560043', 'Surabaya, 22-07-1982', 'nonaktif', 10),
('3174010202010044', 'P004', 'Dr. Shinta Rahmadina', 'Jl. Talas No.44, Medan', 'shinta.rahmadina@mail.com', 'P', '081234560044', 'Medan, 23-08-1983', 'aktif', 9),
('3174010202010045', 'P005', 'Dr. Wahyu Fadillah', 'Jl. Buncis No.45, Yogyakarta', 'wahyu.fadillah@mail.com', 'L', '081234560045', 'Yogyakarta, 24-09-1984', 'aktif', 17),
('3174010202010046', 'P006', 'Dr. Mega Aprilia', 'Jl. Jambu No.46, Semarang', 'mega.aprilia@mail.com', 'P', '081234560046', 'Semarang, 25-10-1985', 'nonaktif', 14),
('3174010202010047', 'P007', 'Dr. Dika Ardiansyah', 'Jl. Markisa No.47, Malang', 'dika.ardiansyah@mail.com', 'L', '081234560047', 'Malang, 26-11-1986', 'aktif', 11),
('3174010202010048', 'P008', 'Dr. Selly Ayunda', 'Jl. Duren No.48, Depok', 'selly.ayunda@mail.com', 'P', '081234560048', 'Depok, 27-12-1987', 'aktif', 6),
('3174010202010049', 'P009', 'Dr. Arman Kurniawan', 'Jl. Srikaya No.49, Bekasi', 'arman.kurniawan@mail.com', 'L', '081234560049', 'Bekasi, 28-01-1988', 'aktif', 9),
('3174010202010050', 'P010', 'Dr. Intan Prameswari', 'Jl. Leci No.50, Bogor', 'intan.prameswari@mail.com', 'P', '081234560050', 'Bogor, 29-02-1989', 'nonaktif', 5);


INSERT INTO Spesialisasi (ID_Spesialisasi, NIK_Dokter, Nama, JenisSpesialisasi) VALUES
('S001', '3174010202010001', 'Dr. Andi Wijaya', 'Bedah Umum'),
('S002', '3174010202010002', 'Dr. Siti Marlina', 'Anak'),
('S003', '3174010202010003', 'Dr. Rizal Fahmi', 'Penyakit Dalam'),
('S004', '3174010202010004', 'Dr. Lestari Putri', 'Kandungan'),
('S005', '3174010202010005', 'Dr. Budi Santoso', 'Saraf'),
('S006', '3174010202010006', 'Dr. Ratna Ayu', 'THT'),
('S007', '3174010202010007', 'Dr. Dedi Pratama', 'Mata'),
('S008', '3174010202010008', 'Dr. Lina Sari', 'Kulit dan Kelamin'),
('S009', '3174010202010009', 'Dr. Hendra Setiawan', 'Gigi dan Mulut'),
('S010', '3174010202010010', 'Dr. Maya Indah', 'Jantung'),
('S011', '3174010202010011', 'Dr. Rudi Gunawan', 'Geriatri'),
('S012', '3174010202010012', 'Dr. Fitri Handayani', 'Anak'),
('S013', '3174010202010013', 'Dr. Iwan Seto', 'Saraf'),
('S014', '3174010202010014', 'Dr. Putri Ananda', 'Penyakit Dalam'),
('S015', '3174010202010015', 'Dr. Agus Salim', 'Paru'),
('S016', '3174010202010016', 'Dr. Nia Ramadhani', 'Anak'),
('S017', '3174010202010017', 'Dr. Tommy Prabowo', 'Jantung'),
('S018', '3174010202010018', 'Dr. Rina Susanti', 'Kulit dan Kelamin'),
('S019', '3174010202010019', 'Dr. Bambang Hermawan', 'Mata'),
('S020', '3174010202010020', 'Dr. Yuniarti', 'Bedah Umum'),
('S021', '3174010202010021', 'Dr. Anton Wirawan', 'Orthopedi'),
('S022', '3174010202010022', 'Dr. Marlina Sari', 'Gizi Klinik'),
('S023', '3174010202010023', 'Dr. Hadi Prasetyo', 'THT'),
('S024', '3174010202010024', 'Dr. Indah Lestari', 'Gigi dan Mulut'),
('S025', '3174010202010025', 'Dr. Yusuf Ramlan', 'Paru'),
('S026', '3174010202010026', 'Dr. Silvia Yanti', 'Saraf'),
('S027', '3174010202010027', 'Dr. Arief Hidayat', 'Anak'),
('S028', '3174010202010028', 'Dr. Wulan Fitriani', 'Mata'),
('S029', '3174010202010029', 'Dr. Dani Setiawan', 'Bedah Umum'),
('S030', '3174010202010030', 'Dr. Rika Damayanti', 'Kulit dan Kelamin'),
('S031', '3174010202010031', 'Dr. Leo Ahmad', 'Jantung'),
('S032', '3174010202010032', 'Dr. Dina Maharani', 'Geriatri'),
('S033', '3174010202010033', 'Dr. Ujang Syah', 'Kandungan'),
('S034', '3174010202010034', 'Dr. Dewi Sartika', 'Anak'),
('S035', '3174010202010035', 'Dr. Taufik Ramadhan', 'Saraf'),
('S036', '3174010202010036', 'Dr. Ines Kurnia', 'Penyakit Dalam'),
('S037', '3174010202010037', 'Dr. Bayu Saputra', 'THT'),
('S038', '3174010202010038', 'Dr. Tia Novita', 'Paru'),
('S039', '3174010202010039', 'Dr. Yoga Firmansyah', 'Mata'),
('S040', '3174010202010040', 'Dr. Alia Zahra', 'Gigi dan Mulut'),
('S041', '3174010202010041', 'Dr. Denny Huda', 'Jantung'),
('S042', '3174010202010042', 'Dr. Nurlaila Hasanah', 'Gizi Klinik'),
('S043', '3174010202010043', 'Dr. Fajar Nugroho', 'Bedah Umum'),
('S044', '3174010202010044', 'Dr. Shinta Rahmadina', 'Kulit dan Kelamin'),
('S045', '3174010202010045', 'Dr. Wahyu Fadillah', 'Orthopedi'),
('S046', '3174010202010046', 'Dr. Mega Aprilia', 'THT'),
('S047', '3174010202010047', 'Dr. Dika Ardiansyah', 'Paru'),
('S048', '3174010202010048', 'Dr. Selly Ayunda', 'Saraf'),
('S049', '3174010202010049', 'Dr. Arman Kurniawan', 'Gigi dan Mulut'),
('S050', '3174010202010050', 'Dr. Intan Prameswari', 'Kandungan');


INSERT INTO Jadwal_Praktek (ID_Jadwal, NIK_Dokter, Hari, JamMulai, JamSelesai, MaksimalPasien, Status) VALUES
INSERT INTO Jadwal (ID_Jadwal, NIK_Dokter, Hari, JamMulai, JamSelesai, MaksimalPasien, Status) VALUES
('J001', '3174010202010001', 'Senin', '08:00:00', '12:00:00', 20, 'Aktif'),
('J002', '3174010202010002', 'Senin', '09:00:00', '13:00:00', 25, 'Aktif'),
('J003', '3174010202010003', 'Selasa', '10:00:00', '14:00:00', 30, 'Aktif'),
('J004', '3174010202010004', 'Selasa', '08:30:00', '12:30:00', 15, 'Aktif'),
('J005', '3174010202010005', 'Rabu', '07:00:00', '11:00:00', 20, 'Tidak Aktif'),
('J006', '3174010202010006', 'Rabu', '10:00:00', '14:00:00', 25, 'Aktif'),
('J007', '3174010202010007', 'Kamis', '08:00:00', '12:00:00', 30, 'Aktif'),
('J008', '3174010202010008', 'Kamis', '09:00:00', '13:00:00', 20, 'Aktif'),
('J009', '3174010202010009', 'Jumat', '08:30:00', '11:30:00', 10, 'Aktif'),
('J010', '3174010202010010', 'Jumat', '09:30:00', '13:30:00', 15, 'Aktif'),
('J011', '3174010202010011', 'Sabtu', '08:00:00', '11:00:00', 20, 'Aktif'),
('J012', '3174010202010012', 'Sabtu', '10:00:00', '13:00:00', 18, 'Tidak Aktif'),
('J013', '3174010202010013', 'Minggu', '09:00:00', '12:00:00', 15, 'Aktif'),
('J014', '3174010202010014', 'Senin', '08:00:00', '12:00:00', 20, 'Aktif'),
('J015', '3174010202010015', 'Selasa', '09:00:00', '13:00:00', 25, 'Aktif'),
('J016', '3174010202010016', 'Rabu', '10:00:00', '14:00:00', 30, 'Aktif'),
('J017', '3174010202010017', 'Kamis', '08:30:00', '12:30:00', 15, 'Aktif'),
('J018', '3174010202010018', 'Jumat', '07:00:00', '11:00:00', 20, 'Tidak Aktif'),
('J019', '3174010202010019', 'Sabtu', '10:00:00', '14:00:00', 25, 'Aktif'),
('J020', '3174010202010020', 'Minggu', '08:00:00', '12:00:00', 30, 'Aktif'),
('J021', '3174010202010021', 'Senin', '09:00:00', '13:00:00', 20, 'Aktif'),
('J022', '3174010202010022', 'Selasa', '08:00:00', '12:00:00', 25, 'Aktif'),
('J023', '3174010202010023', 'Rabu', '08:30:00', '12:30:00', 15, 'Aktif'),
('J024', '3174010202010024', 'Kamis', '07:00:00', '11:00:00', 20, 'Aktif'),
('J025', '3174010202010025', 'Jumat', '10:00:00', '14:00:00', 25, 'Aktif'),
('J026', '3174010202010026', 'Sabtu', '08:00:00', '12:00:00', 30, 'Aktif'),
('J027', '3174010202010027', 'Minggu', '09:00:00', '13:00:00', 20, 'Aktif'),
('J028', '3174010202010028', 'Senin', '08:00:00', '12:00:00', 25, 'Aktif'),
('J029', '3174010202010029', 'Selasa', '10:00:00', '14:00:00', 15, 'Tidak Aktif'),
('J030', '3174010202010030', 'Rabu', '08:30:00', '12:30:00', 20, 'Aktif'),
('J031', '3174010202010031', 'Kamis', '09:00:00', '13:00:00', 25, 'Aktif'),
('J032', '3174010202010032', 'Jumat', '08:00:00', '12:00:00', 30, 'Aktif'),
('J033', '3174010202010033', 'Sabtu', '08:00:00', '12:00:00', 20, 'Aktif'),
('J034', '3174010202010034', 'Minggu', '10:00:00', '14:00:00', 25, 'Aktif'),
('J035', '3174010202010035', 'Senin', '09:00:00', '13:00:00', 15, 'Aktif'),
('J036', '3174010202010036', 'Selasa', '07:00:00', '11:00:00', 20, 'Aktif'),
('J037', '3174010202010037', 'Rabu', '08:00:00', '12:00:00', 25, 'Aktif'),
('J038', '3174010202010038', 'Kamis', '10:00:00', '14:00:00', 30, 'Aktif'),
('J039', '3174010202010039', 'Jumat', '08:30:00', '12:30:00', 20, 'Aktif'),
('J040', '3174010202010040', 'Sabtu', '09:30:00', '13:30:00', 25, 'Aktif'),
('J041', '3174010202010041', 'Minggu', '08:00:00', '12:00:00', 30, 'Tidak Aktif'),
('J042', '3174010202010042', 'Senin', '09:00:00', '13:00:00', 20, 'Aktif'),
('J043', '3174010202010043', 'Selasa', '08:00:00', '12:00:00', 25, 'Aktif'),
('J044', '3174010202010044', 'Rabu', '08:30:00', '12:30:00', 15, 'Aktif'),
('J045', '3174010202010045', 'Kamis', '07:00:00', '11:00:00', 20, 'Aktif'),
('J046', '3174010202010046', 'Jumat', '10:00:00', '14:00:00', 25, 'Aktif'),
('J047', '3174010202010047', 'Sabtu', '08:00:00', '12:00:00', 30, 'Aktif'),
('J048', '3174010202010048', 'Minggu', '09:00:00', '13:00:00', 20, 'Aktif'),
('J049', '3174010202010049', 'Senin', '08:00:00', '12:00:00', 25, 'Aktif'),
('J050', '3174010202010050', 'Selasa', '10:00:00', '14:00:00', 15, 'Aktif');


INSERT INTO Pendaftaran (ID_Pendaftaran, NIK_Pasien, ID_Jadwal, NomorAntrian, TanggalDaftar, StatusDaftar, KeluhanAwal) VALUES
('P001', '3275011503950001', 'J001', 1, '2025-05-01', 'Terdaftar', 'Demam tinggi dan batuk'),
('P002', '3275011503950002', 'J002', 2, '2025-05-01', 'Terdaftar', 'Sakit kepala berulang'),
('P003', '3275011503950003', 'J003', 3, '2025-05-02', 'Terdaftar', 'Nyeri dada saat beraktivitas'),
('P004', '3275011503950004', 'J004', 4, '2025-05-02', 'Terdaftar', 'Gatal-gatal di kulit'),
('P005', '3275011503950005', 'J005', 5, '2025-05-03', 'Batal', 'Sesak napas'),
('P006', '3275011503950006', 'J006', 6, '2025-05-03', 'Terdaftar', 'Sakit telinga kanan'),
('P007', '3275011503950007', 'J007', 7, '2025-05-04', 'Terdaftar', 'Nyeri sendi lutut kiri'),
('P008', '3275011503950008', 'J008', 8, '2025-05-04', 'Terdaftar', 'Pendarahan gusi'),
('P009', '3275011503950009', 'J009', 9, '2025-05-05', 'Terdaftar', 'Sakit perut bagian bawah'),
('P010', '3275011503950010', 'J010', 10, '2025-05-05', 'Selesai', 'Batuk berdahak selama 2 minggu'),
('P011', '3275011503950011', 'J011', 11, '2025-05-06', 'Terdaftar', 'Mata merah dan berair'),
('P012', '3275011503950012', 'J012', 12, '2025-05-06', 'Batal', 'Sakit tenggorokan'),
('P013', '3275011503950013', 'J013', 13, '2025-05-07', 'Terdaftar', 'Pusing dan mual'),
('P014', '3275011503950014', 'J014', 14, '2025-05-07', 'Terdaftar', 'Kram perut saat haid'),
('P015', '3275011503950015', 'J015', 15, '2025-05-08', 'Selesai', 'Nyeri punggung bawah'),
('P016', '3275011503950016', 'J016', 16, '2025-05-08', 'Terdaftar', 'Bengkak pada kaki'),
('P017', '3275011503950017', 'J017', 17, '2025-05-09', 'Terdaftar', 'Batuk berdarah'),
('P018', '3275011503950018', 'J018', 18, '2025-05-09', 'Terdaftar', 'Luka sulit sembuh'),
('P019', '3275011503950019', 'J019', 19, '2025-05-10', 'Terdaftar', 'Nyeri dada saat berbaring'),
('P020', '3275011503950020', 'J020', 20, '2025-05-10', 'Terdaftar', 'Sakit perut bagian atas'),
('P021', '3275011503950021', 'J021', 21, '2025-05-11', 'Terdaftar', 'Sesak napas saat olahraga'),
('P022', '3275011503950022', 'J022', 22, '2025-05-11', 'Batal', 'Demam tinggi'),
('P023', '3275011503950023', 'J023', 23, '2025-05-12', 'Terdaftar', 'Nyeri leher'),
('P024', '3275011503950024', 'J024', 24, '2025-05-12', 'Terdaftar', 'Sakit kepala sebelah'),
('P025', '3275011503950025', 'J025', 25, '2025-05-13', 'Terdaftar', 'Mual dan muntah'),
('P026', '3275011503950026', 'J026', 26, '2025-05-13', 'Terdaftar', 'Gatal pada kulit'),
('P027', '3275011503950027', 'J027', 27, '2025-05-14', 'Terdaftar', 'Batuk dan pilek'),
('P028', '3275011503950028', 'J028', 28, '2025-05-14', 'Terdaftar', 'Sakit gigi'),
('P029', '3275011503950029', 'J029', 29, '2025-05-15', 'Terdaftar', 'Nyeri otot'),
('P030', '3275011503950030', 'J030', 30, '2025-05-15', 'Selesai', 'Demam dan ruam'),
('P031', '3275011503950031', 'J031', 1, '2025-05-16', 'Terdaftar', 'Sakit punggung'),
('P032', '3275011503950032', 'J032', 2, '2025-05-16', 'Terdaftar', 'Nyeri perut'),
('P033', '3275011503950033', 'J033', 3, '2025-05-17', 'Terdaftar', 'Sesak napas'),
('P034', '3275011503950034', 'J034', 4, '2025-05-17', 'Terdaftar', 'Sakit tenggorokan'),
('P035', '3275011503950035', 'J035', 5, '2025-05-18', 'Terdaftar', 'Sakit kepala'),
('P036', '3275011503950036', 'J036', 6, '2025-05-18', 'Terdaftar', 'Nyeri lutut'),
('P037', '3275011503950037', 'J037', 7, '2025-05-19', 'Terdaftar', 'Gatal-gatal'),
('P038', '3275011503950038', 'J038', 8, '2025-05-19', 'Terdaftar', 'Nyeri dada'),
('P039', '3275011503950039', 'J039', 9, '2025-05-20', 'Terdaftar', 'Pusing'),
('P040', '3275011503950040', 'J040', 10, '2025-05-20', 'Terdaftar', 'Batuk'),
('P041', '3275011503950041', 'J041', 11, '2025-05-21', 'Terdaftar', 'Demam'),
('P042', '3275011503950042', 'J042', 12, '2025-05-21', 'Terdaftar', 'Nyeri otot'),
('P043', '3275011503950043', 'J043', 13, '2025-05-22', 'Terdaftar', 'Sakit perut'),
('P044', '3275011503950044', 'J044', 14, '2025-05-22', 'Terdaftar', 'Sesak napas'),
('P045', '3275011503950045', 'J045', 15, '2025-05-23', 'Terdaftar', 'Mual'),
('P046', '3275011503950046', 'J046', 16, '2025-05-23', 'Terdaftar', 'Luka'),
('P047', '3275011503950047', 'J047', 17, '2025-05-24', 'Terdaftar', 'Nyeri kepala'),
('P048', '3275011503950048', 'J048', 18, '2025-05-24', 'Terdaftar', 'Batuk berdahak'),
('P049', '3275011503950049', 'J049', 19, '2025-05-25', 'Terdaftar', 'Demam tinggi'),
('P050', '3275011503950050', 'J050', 20, '2025-05-25', 'Terdaftar', 'Sakit perut akut');


INSERT INTO Rekam_Medis (ID_Rekam_Medis, ID_Pendaftaran, Diagnosis, TindakanMedis, ResepObat) VALUES
('RM001', 'P001', 'Demam Berdarah', 'Pemberian cairan infus dan istirahat', 'Paracetamol, Cairan Elektrolyt'),
('RM002', 'P002', 'Migrain', 'Pemberian obat penghilang nyeri', 'Ibuprofen'),
('RM003', 'P003', 'Angina', 'Pemberian obat vasodilator', 'Nitrogliserin'),
('RM004', 'P004', 'Dermatitis', 'Penggunaan salep steroid', 'Hydrocortisone cream'),
('RM005', 'P005', 'Asma', 'Pemberian inhaler dan bronkodilator', 'Salbutamol inhaler'),
('RM006', 'P006', 'Otitis Media', 'Pemberian antibiotik', 'Amoxicillin'),
('RM007', 'P007', 'Arthritis', 'Fisioterapi dan pemberian analgesik', 'Naproxen'),
('RM008', 'P008', 'Gingivitis', 'Pembersihan karang gigi dan antiseptik', 'Chlorhexidine mouthwash'),
('RM009', 'P009', 'Gastritis', 'Pemberian antasida dan diet khusus', 'Ranitidine'),
('RM010', 'P010', 'Bronkitis', 'Pemberian ekspektoran dan antibiotik', 'Ambroxol, Amoxicillin'),
('RM011', 'P011', 'Konjungtivitis', 'Pemberian tetes mata antibiotik', 'Tobramycin eye drops'),
('RM012', 'P012', 'Faringitis', 'Pemberian analgesik dan antibiotik', 'Paracetamol, Amoxicillin'),
('RM013', 'P013', 'Vertigo', 'Pemberian obat anti-vertigo', 'Betahistine'),
('RM014', 'P014', 'Dismenore', 'Pemberian analgesik dan relaksasi', 'Ibuprofen'),
('RM015', 'P015', 'Lumbago', 'Fisioterapi dan analgesik', 'Diclofenac'),
('RM016', 'P016', 'Edema', 'Pemberian diuretik', 'Furosemide'),
('RM017', 'P017', 'Hemoptisis', 'Investigasi lebih lanjut dan pemberian antibiotik', 'Amoxicillin'),
('RM018', 'P018', 'Luka Kronis', 'Perawatan luka dan antibiotik topikal', 'Mupirocin cream'),
('RM019', 'P019', 'Infark Miokard', 'Pemberian terapi trombolitik', 'Aspirin, Clopidogrel'),
('RM020', 'P020', 'Ulkus Peptikum', 'Pemberian inhibitor pompa proton', 'Omeprazole'),
('RM021', 'P021', 'Bronkospasme', 'Pemberian bronkodilator', 'Salbutamol inhaler'),
('RM022', 'P022', 'Demam Tinggi', 'Pemberian antipiretik', 'Paracetamol'),
('RM023', 'P023', 'Cervicalgia', 'Fisioterapi dan analgesik', 'Ibuprofen'),
('RM024', 'P024', 'Migrain', 'Pemberian obat pencegah dan analgesik', 'Propranolol, Paracetamol'),
('RM025', 'P025', 'Gastroenteritis', 'Rehidrasi dan antibiotik', 'ORS, Ciprofloxacin'),
('RM026', 'P026', 'Eksim', 'Penggunaan salep steroid', 'Hydrocortisone cream'),
('RM027', 'P027', 'Flu', 'Pemberian antivirus dan symptomatik', 'Oseltamivir'),
('RM028', 'P028', 'Karies Gigi', 'Pembersihan dan penambalan', 'Fluoride toothpaste'),
('RM029', 'P029', 'Mialgia', 'Pemberian analgesik dan fisioterapi', 'Paracetamol'),
('RM030', 'P030', 'Ruam Kulit', 'Pemberian antihistamin dan steroid', 'Cetirizine, Hydrocortisone cream'),
('RM031', 'P031', 'Lumbago', 'Fisioterapi dan analgesik', 'Diclofenac'),
('RM032', 'P032', 'Gastritis', 'Pemberian antasida dan diet khusus', 'Ranitidine'),
('RM033', 'P033', 'Asma', 'Pemberian inhaler dan bronkodilator', 'Salbutamol inhaler'),
('RM034', 'P034', 'Faringitis', 'Pemberian analgesik dan antibiotik', 'Paracetamol, Amoxicillin'),
('RM035', 'P035', 'Sakit Kepala', 'Pemberian analgesik', 'Ibuprofen'),
('RM036', 'P036', 'Arthritis', 'Fisioterapi dan analgesik', 'Naproxen'),
('RM037', 'P037', 'Dermatitis', 'Penggunaan salep steroid', 'Hydrocortisone cream'),
('RM038', 'P038', 'Angina', 'Pemberian obat vasodilator', 'Nitrogliserin'),
('RM039', 'P039', 'Vertigo', 'Pemberian obat anti-vertigo', 'Betahistine'),
('RM040', 'P040', 'Batuk Berdahak', 'Pemberian ekspektoran', 'Ambroxol'),
('RM041', 'P041', 'Demam', 'Pemberian antipiretik', 'Paracetamol'),
('RM042', 'P042', 'Nyeri Otot', 'Pemberian analgesik', 'Ibuprofen'),
('RM043', 'P043', 'Sakit Perut', 'Pemberian antasida', 'Ranitidine'),
('RM044', 'P044', 'Sesak Napas', 'Pemberian bronkodilator', 'Salbutamol inhaler'),
('RM045', 'P045', 'Mual', 'Pemberian antiemetik', 'Metoclopramide'),
('RM046', 'P046', 'Luka', 'Perawatan luka', 'Antiseptik'),
('RM047', 'P047', 'Sakit Kepala', 'Pemberian analgesik', 'Paracetamol'),
('RM048', 'P048', 'Batuk Berdahak', 'Pemberian ekspektoran', 'Ambroxol'),
('RM049', 'P049', 'Demam Tinggi', 'Pemberian antipiretik', 'Paracetamol'),
('RM050', 'P050', 'Sakit Perut Akut', 'Pemeriksaan lanjutan dan pengobatan', 'Omeprazole');


INSERT INTO Resep_Obat (ID_Resep_Obat, ID_Rekam_Medis, NamaObat, DosisObat, FrekuensiPemakaian, DurasiPemakaian, JumlahObatDiresepkan, InstruksiTambahan) VALUES
('RO001', 'RM001', 'Paracetamol', '500mg', '3x sehari', '5 hari', 15, 'Minum setelah makan'),
('RO002', 'RM001', 'Cairan Elektrolyt', '100ml', '2x sehari', '3 hari', 6, 'Diminum perlahan'),
('RO003', 'RM002', 'Ibuprofen', '400mg', '3x sehari', '7 hari', 21, 'Jangan diminum saat perut kosong'),
('RO004', 'RM003', 'Nitrogliserin', '0.3mg', '1x saat nyeri', 'Sesudah nyeri hilang', 10, 'Letakkan di bawah lidah'),
('RO005', 'RM004', 'Hydrocortisone cream', 'Salep 1%', '2x sehari', '7 hari', 1, 'Oles tipis pada area yang sakit'),
('RO006', 'RM005', 'Salbutamol inhaler', '100mcg', '4x sehari', '14 hari', 1, 'Gunakan sesuai kebutuhan'),
('RO007', 'RM006', 'Amoxicillin', '500mg', '3x sehari', '7 hari', 21, 'Minum sampai habis'),
('RO008', 'RM007', 'Naproxen', '250mg', '2x sehari', '5 hari', 10, 'Minum dengan air putih'),
('RO009', 'RM008', 'Chlorhexidine mouthwash', '10ml', '2x sehari', '7 hari', 140, 'Berkumur selama 30 detik'),
('RO010', 'RM009', 'Ranitidine', '150mg', '2x sehari', '14 hari', 28, 'Minum 30 menit sebelum makan'),
('RO011', 'RM010', 'Ambroxol', '30mg', '3x sehari', '7 hari', 21, 'Minum dengan air putih'),
('RO012', 'RM010', 'Amoxicillin', '500mg', '3x sehari', '7 hari', 21, 'Minum sampai habis'),
('RO013', 'RM011', 'Tobramycin eye drops', '0.3%', '4x sehari', '10 hari', 1, 'Teteskan ke mata yang sakit'),
('RO014', 'RM012', 'Paracetamol', '500mg', '3x sehari', '5 hari', 15, 'Minum setelah makan'),
('RO015', 'RM012', 'Amoxicillin', '500mg', '3x sehari', '7 hari', 21, 'Minum sampai habis'),
('RO016', 'RM013', 'Betahistine', '16mg', '3x sehari', '14 hari', 42, 'Minum setelah makan'),
('RO017', 'RM014', 'Ibuprofen', '400mg', '3x sehari', '5 hari', 15, 'Jangan diminum saat perut kosong'),
('RO018', 'RM015', 'Diclofenac', '50mg', '2x sehari', '7 hari', 14, 'Minum dengan air putih'),
('RO019', 'RM016', 'Furosemide', '40mg', '1x sehari', '5 hari', 5, 'Minum pagi hari'),
('RO020', 'RM017', 'Amoxicillin', '500mg', '3x sehari', '7 hari', 21, 'Minum sampai habis'),
('RO021', 'RM018', 'Mupirocin cream', '2%', '3x sehari', '10 hari', 1, 'Oleskan tipis pada luka'),
('RO022', 'RM019', 'Aspirin', '81mg', '1x sehari', '30 hari', 30, 'Minum setelah makan'),
('RO023', 'RM019', 'Clopidogrel', '75mg', '1x sehari', '30 hari', 30, 'Minum secara teratur'),
('RO024', 'RM020', 'Omeprazole', '20mg', '1x sehari', '14 hari', 14, 'Minum 30 menit sebelum makan'),
('RO025', 'RM021', 'Salbutamol inhaler', '100mcg', '4x sehari', '14 hari', 1, 'Gunakan sesuai kebutuhan'),
('RO026', 'RM022', 'Paracetamol', '500mg', '3x sehari', '5 hari', 15, 'Minum setelah makan'),
('RO027', 'RM023', 'Ibuprofen', '400mg', '3x sehari', '7 hari', 21, 'Minum dengan air putih'),
('RO028', 'RM024', 'Propranolol', '40mg', '2x sehari', '30 hari', 60, 'Minum teratur'),
('RO029', 'RM024', 'Paracetamol', '500mg', '3x sehari', '5 hari', 15, 'Minum setelah makan'),
('RO030', 'RM025', 'ORS', '1 sachet', 'Setiap 4 jam', '3 hari', 9, 'Dilarutkan dengan 200ml air'),
('RO031', 'RM025', 'Ciprofloxacin', '500mg', '2x sehari', '7 hari', 14, 'Minum sampai habis'),
('RO032', 'RM026', 'Hydrocortisone cream', '1%', '2x sehari', '7 hari', 1, 'Oles tipis pada area yang sakit'),
('RO033', 'RM027', 'Oseltamivir', '75mg', '2x sehari', '5 hari', 10, 'Minum setelah makan'),
('RO034', 'RM028', 'Fluoride toothpaste', 'N/A', '2x sehari', 'Sesuai kebutuhan', 1, 'Gunakan saat menyikat gigi'),
('RO035', 'RM029', 'Paracetamol', '500mg', '3x sehari', '5 hari', 15, 'Minum setelah makan'),
('RO036', 'RM030', 'Cetirizine', '10mg', '1x sehari', '7 hari', 7, 'Minum di malam hari'),
('RO037', 'RM030', 'Hydrocortisone cream', '1%', '2x sehari', '7 hari', 1, 'Oles tipis pada ruam'),
('RO038', 'RM031', 'Diclofenac', '50mg', '2x sehari', '7 hari', 14, 'Minum dengan air putih'),
('RO039', 'RM032', 'Ranitidine', '150mg', '2x sehari', '14 hari', 28, 'Minum 30 menit sebelum makan'),
('RO040', 'RM033', 'Salbutamol inhaler', '100mcg', '4x sehari', '14 hari', 1, 'Gunakan sesuai kebutuhan'),
('RO041', 'RM034', 'Paracetamol', '500mg', '3x sehari', '5 hari', 15, 'Minum setelah makan'),
('RO042', 'RM034', 'Amoxicillin', '500mg', '3x sehari', '7 hari', 21, 'Minum sampai habis'),
('RO043', 'RM035', 'Ibuprofen', '400mg', '3x sehari', '7 hari', 21, 'Minum dengan air putih'),
('RO044', 'RM036', 'Naproxen', '250mg', '2x sehari', '5 hari', 10, 'Minum setelah makan'),
('RO045', 'RM037', 'Hydrocortisone cream', '1%', '2x sehari', '7 hari', 1, 'Oles tipis pada area yang sakit'),
('RO046', 'RM038', 'Nitrogliserin', '0.3mg', '1x saat nyeri', 'Sesudah nyeri hilang', 10, 'Letakkan di bawah lidah'),
('RO047', 'RM039', 'Betahistine', '16mg', '3x sehari', '14 hari', 42, 'Minum setelah makan'),
('RO048', 'RM040', 'Ambroxol', '30mg', '3x sehari', '7 hari', 21, 'Minum dengan air putih'),
('RO049', 'RM041', 'Paracetamol', '500mg', '3x sehari', '5 hari', 15, 'Minum setelah makan'),
('RO050', 'RM042', 'Ibuprofen', '400mg', '3x sehari', '7 hari', 21, 'Minum dengan air putih');


INSERT INTO Pembayaran (ID_Pembayaran, ID_Pendaftaran, RincianBiaya, TanggalBayar, MetodeBayar) VALUES
('BY001', 'P001', 150000, '2025-05-01', 'Tunai'),
('BY002', 'P002', 100000, '2025-05-02', 'Kartu Kredit'),
('BY003', 'P003', 200000, '2025-05-02', 'Transfer Bank'),
('BY004', 'P004', 175000, '2025-05-03', 'Tunai'),
('BY005', 'P005', 130000, '2025-05-04', 'Kartu Debit'),
('BY006', 'P006', 150000, '2025-05-04', 'Transfer Bank'),
('BY007', 'P007', 160000, '2025-05-05', 'Tunai'),
('BY008', 'P008', 140000, '2025-05-06', 'Kartu Kredit'),
('BY009', 'P009', 155000, '2025-05-06', 'Transfer Bank'),
('BY010', 'P010', 145000, '2025-05-07', 'Tunai'),
('BY011', 'P011', 120000, '2025-05-07', 'Kartu Debit'),
('BY012', 'P012', 165000, '2025-05-08', 'Transfer Bank'),
('BY013', 'P013', 135000, '2025-05-08', 'Tunai'),
('BY014', 'P014', 180000, '2025-05-09', 'Kartu Kredit'),
('BY015', 'P015', 155000, '2025-05-09', 'Transfer Bank'),
('BY016', 'P016', 140000, '2025-05-10', 'Tunai'),
('BY017', 'P017', 150000, '2025-05-10', 'Kartu Debit'),
('BY018', 'P018', 160000, '2025-05-11', 'Transfer Bank'),
('BY019', 'P019', 170000, '2025-05-11', 'Tunai'),
('BY020', 'P020', 130000, '2025-05-12', 'Kartu Kredit'),
('BY021', 'P021', 155000, '2025-05-12', 'Transfer Bank'),
('BY022', 'P022', 140000, '2025-05-13', 'Tunai'),
('BY023', 'P023', 145000, '2025-05-13', 'Kartu Debit'),
('BY024', 'P024', 175000, '2025-05-14', 'Transfer Bank'),
('BY025', 'P025', 160000, '2025-05-14', 'Tunai'),
('BY026', 'P026', 150000, '2025-05-15', 'Kartu Kredit'),
('BY027', 'P027', 140000, '2025-05-15', 'Transfer Bank'),
('BY028', 'P028', 130000, '2025-05-16', 'Tunai'),
('BY029', 'P029', 165000, '2025-05-16', 'Kartu Debit'),
('BY030', 'P030', 155000, '2025-05-17', 'Transfer Bank'),
('BY031', 'P031', 145000, '2025-05-17', 'Tunai'),
('BY032', 'P032', 135000, '2025-05-18', 'Kartu Kredit'),
('BY033', 'P033', 160000, '2025-05-18', 'Transfer Bank'),
('BY034', 'P034', 170000, '2025-05-19', 'Tunai'),
('BY035', 'P035', 140000, '2025-05-19', 'Kartu Debit'),
('BY036', 'P036', 150000, '2025-05-20', 'Transfer Bank'),
('BY037', 'P037', 155000, '2025-05-20', 'Tunai'),
('BY038', 'P038', 130000, '2025-05-21', 'Kartu Kredit'),
('BY039', 'P039', 165000, '2025-05-21', 'Transfer Bank'),
('BY040', 'P040', 140000, '2025-05-22', 'Tunai'),
('BY041', 'P041', 135000, '2025-05-22', 'Kartu Debit'),
('BY042', 'P042', 160000, '2025-05-23', 'Transfer Bank'),
('BY043', 'P043', 170000, '2025-05-23', 'Tunai'),
('BY044', 'P044', 150000, '2025-05-24', 'Kartu Kredit'),
('BY045', 'P045', 140000, '2025-05-24', 'Transfer Bank'),
('BY046', 'P046', 130000, '2025-05-25', 'Tunai'),
('BY047', 'P047', 155000, '2025-05-25', 'Kartu Debit'),
('BY048', 'P048', 145000, '2025-05-26', 'Transfer Bank'),
('BY049', 'P049', 160000, '2025-05-26', 'Tunai'),
('BY050', 'P050', 150000, '2025-05-27', 'Kartu Kredit');


SELECT * FROM poli

SELECT * FROM pasien

SELECT * FROM dokter

SELECT * FROM pendaftaran

SELECT * FROM jadwal_praktek

SELECT * FROM spesialisasi

SELECT * FROM resep_obat

SELECT * FROM rekam_medis

SELECT * FROM pembayaran